tool_name,n_runs,attack_block_rate_mean,attack_block_rate_std,mitigation_rate_mean,mitigation_rate_std,benign_pass_rate_mean,benign_pass_rate_std,over_block_rate_mean,over_block_rate_std,utility_security_f1_mean,utility_security_f1_std,success_rate_mean,success_rate_std
database_query,5,,,,,1.0,0.0,0.0,0.0,,,0.0,0.0
execute_command,5,0.67,0.295,0.72,0.2797,1.0,0.0,0.0,0.0,0.7689,0.2391,0.7,0.1394
http_request,5,,,,,1.0,0.0,0.0,0.0,,,0.0,0.0
list_directory,5,0.85,0.1369,0.95,0.1118,1.0,0.0,0.0,0.0,0.9143,0.0783,0.5667,0.1491
manage_calendar,5,1.0,0.0,1.0,0.0,1.0,0.0,0.0,0.0,1.0,0.0,0.4533,0.1169
post_message,5,1.0,0.0,1.0,0.0,1.0,0.0,0.0,0.0,1.0,0.0,0.2,0.1394
read_file,5,1.0,0.0,1.0,0.0,1.0,0.0,0.0,0.0,1.0,0.0,0.3,0.0745
send_email,5,0.5833,0.3727,1.0,0.0,1.0,0.0,0.0,0.0,0.6648,0.3904,0.5133,0.096
web_search,5,,,,,1.0,0.0,0.0,0.0,,,0.0,0.0
write_file,5,1.0,0.0,1.0,0.0,1.0,0.0,0.0,0.0,1.0,0.0,0.0333,0.0746
